{
  "orders": [
    {
      "sellToken": "DAI",
      "buyToken": "LINK",
      "maxSellAmount": 875.5959639827868,
      "limitXRate": [
        [
          83.5918983595842,
          "LINK"
        ],
        [
          875.5959639827868,
          "DAI"
        ]
      ],
      "limitXRateCanonical": 10.474651026780942,
      "fillOrKill": true,
      "uniswap": {
        "path": [
          "DAI",
          "WETH",
          "LINK"
        ],
        "amounts": [
          875.5959639827868,
          2.379545008524582,
          84.05208777384493
        ],
        "balancesSellToken": [
          "205214047.394078137660391276",
          "24775.953152550921527444"
        ],
        "balancesBuyToken": [
          "559376.153018189003849765",
          "877872.365389045058662548"
        ],
        "block": 11093041,
        "index": 198
      }
    },
    {
      "sellToken": "LINK",
      "buyToken": "DAI",
      "maxSellAmount": 100.00000000000001,
      "limitXRate": [
        [
          1002.1445607903959,
          "DAI"
        ],
        [
          100.00000000000001,
          "LINK"
        ]
      ],
      "limitXRateCanonical": 10.021445607903958,
      "fillOrKill": true,
      "uniswap": {
        "path": [
          "LINK",
          "WETH",
          "DAI"
        ],
        "amounts": [
          100.00000000000001,
          2.7702634489519147,
          1012.1691478538016
        ],
        "balancesSellToken": [
          "884938.280150715819871247",
          "560737.172084669111519031"
        ],
        "balancesBuyToken": [
          "24591.658649405800089724",
          "205493624.024971636115890077"
        ],
        "block": 11093274,
        "index": 136
      }
    },
    {
      "sellToken": "DAI",
      "buyToken": "LINK",
      "maxBuyAmount": 50.00000000000001,
      "limitXRate": [
        [
          515.0673508581287,
          "DAI"
        ],
        [
          50.00000000000001,
          "LINK"
        ]
      ],
      "limitXRateCanonical": 10.301347017162573,
      "fillOrKill": true,
      "uniswap": {
        "path": [
          "DAI",
          "WETH",
          "LINK"
        ],
        "amounts": [
          511.91615345998827,
          1.3922866233996047,
          50.00000000000001
        ],
        "balancesSellToken": [
          "205524188.990365520059209407",
          "24579.147263035745636544"
        ],
        "balancesBuyToken": [
          "560669.929911635626448868",
          "885395.954218376843004585"
        ],
        "block": 11093337,
        "index": 129
      }
    },
    {
      "sellToken": "DAI",
      "buyToken": "LINK",
      "maxSellAmount": 3000.0,
      "limitXRate": [
        [
          286.20171529228503,
          "LINK"
        ],
        [
          3000.0,
          "DAI"
        ]
      ],
      "limitXRateCanonical": 10.482117470666568,
      "fillOrKill": true,
      "uniswap": {
        "path": [
          "DAI",
          "WETH",
          "LINK"
        ],
        "amounts": [
          3000.0,
          8.141548810230235,
          289.7909045712056
        ],
        "balancesSellToken": [
          "205599650.68801971609569361",
          "24710.104300635505356611"
        ],
        "balancesBuyToken": [
          "559653.608430387916454493",
          "880255.272714101430002525"
        ],
        "block": 11093642,
        "index": 162
      }
    },
    {
      "sellToken": "DAI",
      "buyToken": "LINK",
      "maxBuyAmount": 72.0,
      "limitXRate": [
        [
          743.4315767381576,
          "DAI"
        ],
        [
          72.0,
          "LINK"
        ]
      ],
      "limitXRateCanonical": 10.325438565807744,
      "fillOrKill": true,
      "uniswap": {
        "path": [
          "DAI",
          "WETH",
          "LINK"
        ],
        "amounts": [
          738.699481129587,
          1.9942766248486008,
          72.0
        ],
        "balancesSellToken": [
          "205989289.223814549883345041",
          "24504.366175718556782859"
        ],
        "balancesBuyToken": [
          "557787.321312666273413937",
          "887422.938332912971652935"
        ],
        "block": 11094033,
        "index": 206
      }
    },
    {
      "sellToken": "LINK",
      "buyToken": "DAI",
      "maxSellAmount": 200.00000000000003,
      "limitXRate": [
        [
          1987.4871412568623,
          "DAI"
        ],
        [
          200.00000000000003,
          "LINK"
        ]
      ],
      "limitXRateCanonical": 9.93743570628431,
      "fillOrKill": true,
      "uniswap": {
        "path": [
          "LINK",
          "WETH",
          "DAI"
        ],
        "amounts": [
          200.00000000000003,
          5.506022935606213,
          2027.0087945959642
        ],
        "balancesSellToken": [
          "887323.504129084747163194",
          "557819.023313867180470237"
        ],
        "balancesBuyToken": [
          "24507.128716201478097715",
          "205977628.35831784758961811"
        ],
        "block": 11094055,
        "index": 149
      }
    },
    {
      "sellToken": "DAI",
      "buyToken": "LINK",
      "maxBuyAmount": 35.0,
      "limitXRate": [
        [
          352.9479935342686,
          "DAI"
        ],
        [
          35.0,
          "LINK"
        ]
      ],
      "limitXRateCanonical": 10.08422838669339,
      "fillOrKill": true,
      "uniswap": {
        "path": [
          "DAI",
          "WETH",
          "LINK"
        ],
        "amounts": [
          350.71043885651346,
          0.9485722101340446,
          35.0
        ],
        "balancesSellToken": [
          "205707196.335212963908275639",
          "24258.883669201016123103"
        ],
        "balancesBuyToken": [
          "558057.680445060045908061",
          "897821.97567888895421817"
        ],
        "block": 11094488,
        "index": 106
      }
    },
    {
      "sellToken": "LINK",
      "buyToken": "DAI",
      "maxSellAmount": 31.517986857132932,
      "limitXRate": [
        [
          308.761393082738,
          "DAI"
        ],
        [
          31.517986857132932,
          "LINK"
        ]
      ],
      "limitXRateCanonical": 9.796355156892302,
      "fillOrKill": true,
      "uniswap": {
        "path": [
          "LINK",
          "WETH",
          "DAI"
        ],
        "amounts": [
          31.517986857132932,
          0.8512785875922804,
          311.8490070135653
        ],
        "balancesSellToken": [
          "891307.159143584129727083",
          "558954.030714038899947301"
        ],
        "balancesBuyToken": [
          "24146.866834693920777812",
          "205378155.571207219384597012"
        ],
        "block": 11094549,
        "index": 34
      }
    },
    {
      "sellToken": "DAI",
      "buyToken": "LINK",
      "maxBuyAmount": 20.0,
      "limitXRate": [
        [
          201.29512314727344,
          "DAI"
        ],
        [
          20.0,
          "LINK"
        ]
      ],
      "limitXRateCanonical": 10.064756157363671,
      "fillOrKill": true,
      "uniswap": {
        "path": [
          "DAI",
          "WETH",
          "LINK"
        ],
        "amounts": [
          201.28429615774698,
          0.546174750148313,
          20.0
        ],
        "balancesSellToken": [
          "205376945.253832407368090988",
          "24212.449380381265383575"
        ],
        "balancesBuyToken": [
          "558957.362956957820394438",
          "888907.561252337069393044"
        ],
        "block": 11094555,
        "index": 171
      }
    },
    {
      "sellToken": "DAI",
      "buyToken": "LINK",
      "maxBuyAmount": 70.0,
      "limitXRate": [
        [
          704.5725159619642,
          "DAI"
        ],
        [
          70.0,
          "LINK"
        ]
      ],
      "limitXRateCanonical": 10.065321656599489,
      "fillOrKill": true,