{
  "orders": [
    {
      "sellToken": "SNX",
      "buyToken": "DAI",
      "maxSellAmount": 866.1255738268004,
      "limitXRate": [
        [
          2951.0842287854643,
          "DAI"
        ],
        [
          866.1255738268004,
          "SNX"
        ]
      ],
      "limitXRateCanonical": 3.4072244463891033,
      "fillOrKill": true,
      "uniswap": {
        "path": [
          "SNX",
          "WETH",
          "DAI"
        ],
        "amounts": [
          866.1255738268004,
          8.236405283429248,
          3010.752503918719
        ],
        "balancesSellToken": [
          "3993.267109503360108551",
          "560620.431660946182186629"
        ],
        "balancesBuyToken": [
          "417801.489360529837866979",
          "205549995.991740562999873068"
        ],
        "block": 11093406,
        "index": 174
      }
    },
    {
      "sellToken": "DAI",
      "buyToken": "SNX",
      "maxSellAmount": 1500.0,
      "limitXRate": [
        [
          424.59717385894885,
          "SNX"
        ],
        [
          1500.0,
          "DAI"
        ]
      ],
      "limitXRateCanonical": 3.53276020743911,
      "fillOrKill": true,
      "uniswap": {
        "path": [
          "DAI",
          "WETH",
          "SNX"
        ],
        "amounts": [
          1500.0,
          4.078055946321445,
          426.7201597282435
        ],
        "balancesSellToken": [
          "205587659.709108354147043763",
          "418667.614934356638274782"
        ],
        "balancesBuyToken": [
          "560617.90498141544356538",
          "3985.030704219930861207"
        ],
        "block": 11093454,
        "index": 102
      }
    }
  ]
}