{
  "orders": [
    {
      "sellToken": "LINK",
      "buyToken": "USDT",
      "maxSellAmount": 250.00000000000003,
      "limitXRate": [
        [
          2567.222242,
          "USDT"
        ],
        [
          250.00000000000003,
          "LINK"
        ]
      ],
      "limitXRateCanonical": 0.09738151840147545,
      "fillOrKill": true,
      "uniswap": {
        "path": [
          "LINK",
          "WETH",
          "USDT"
        ],
        "amounts": [
          250.00000000000003,
          7.0400422602534745,
          2592.947376
        ],
        "balancesSellToken": [
          "877366.950683714065494301",
          "709261.398728343383210568"
        ],
        "balancesBuyToken": [
          "24788.185119744997268412",
          "262020677.992808"
        ],
        "block": 11093008,
        "index": 175
      }
    },
    {
      "sellToken": "USDT",
      "buyToken": "LINK",
      "maxSellAmount": 17.213925,
      "limitXRate": [
        [
          1.6343013992759463,
          "LINK"
        ],
        [
          17.213925,
          "USDT"
        ]
      ],
      "limitXRateCanonical": 0.09494065991782503,
      "fillOrKill": true,
      "uniswap": {
        "path": [
          "USDT",
          "WETH",
          "USDC",
          "LINK"
        ],
        "amounts": [
          17.213925,
          0.04645826088375775,
          17.127352,
          1.642521304682776
        ],
        "balancesSellToken": [
          "261978510.047154",
          "789215.41088163140798844",
          "2538.703720945409696146"
        ],
        "balancesBuyToken": [
          "709175.270805182469894594",
          "291825695.705741",
          "26375.78013"
        ],
        "block": 11093074,
        "index": 81
      }
    },
    {
      "sellToken": "LINK",
      "buyToken": "USDT",
      "maxBuyAmount": 136.0,
      "limitXRate": [
        [
          13.261150492278874,
          "LINK"
        ],
        [
          136.0,
          "USDT"
        ]
      ],
      "limitXRateCanonical": 0.09750845950205055,
      "fillOrKill": true,
      "uniswap": {
        "path": [
          "LINK",
          "WETH",
          "USDT"
        ],
        "amounts": [
          13.193525917526179,
          0.36937680997234906,
          136.0
        ],
        "balancesSellToken": [
          "880116.142652528102300341",
          "720149.530662141519145522"
        ],
        "balancesBuyToken": [
          "24712.972023238258170757",
          "265933875.054246"
        ],
        "block": 11093173,
        "index": 137
      }
    },
    {
      "sellToken": "USDT",
      "buyToken": "LINK",
      "maxSellAmount": 7983.157781,
      "limitXRate": [
        [
          764.1523519706233,
          "LINK"
        ],
        [
          7983.157781,
          "USDT"
        ]
      ],
      "limitXRateCanonical": 0.09572056233052464,
      "fillOrKill": true,
      "uniswap": {
        "path": [
          "USDT",
          "WETH",
          "LINK"
        ],
        "amounts": [
          7983.157781,
          21.575282224954552,
          772.5014672548535
        ],
        "balancesSellToken": [
          "265778422.968421",
          "24606.069216199134352416"
        ],
        "balancesBuyToken": [
          "720460.616760741150386226",
          "884442.093206959615633509"
        ],
        "block": 11093348,
        "index": 95
      }
    },
    {
      "sellToken": "USDT",
      "buyToken": "LINK",
      "maxSellAmount": 4000.0,
      "limitXRate": [
        [
          382.84515679215946,
          "LINK"
        ],
        [
          4000.0,
          "USDT"
        ]
      ],
      "limitXRateCanonical": 0.09571128919803987,
      "fillOrKill": true,
      "uniswap": {
        "path": [
          "USDT",
          "WETH",
          "LINK"
        ],
        "amounts": [
          4000.0,
          10.803110341866448,
          384.78544221326365
        ],
        "balancesSellToken": [
          "265859871.846403",
          "24676.047647753781560438"
        ],
        "balancesBuyToken": [
          "720098.665134847892011374",
          "881941.510177184636212582"
        ],
        "block": 11093404,
        "index": 105
      }
    },
    {
      "sellToken": "USDT",
      "buyToken": "LINK",
      "maxSellAmount": 5000.0,
      "limitXRate": [
        [
          478.1251454144217,
          "LINK"
        ],
        [
          5000.0,
          "USDT"
        ]
      ],
      "limitXRateCanonical": 0.09562502908288434,
      "fillOrKill": true,
      "uniswap": {
        "path": [
          "USDT",
          "WETH",
          "LINK"
        ],
        "amounts": [
          5000.0,
          13.49719870496003,
          480.2713756216445
        ],
        "balancesSellToken": [
          "265906836.673818",
          "24686.850758095648007578"
        ],
        "balancesBuyToken": [
          "719972.857598679794183714",
          "881556.724734971372560871"
        ],
        "block": 11093421,
        "index": 19
      }
    },
    {
      "sellToken": "USDT",
      "buyToken": "LINK",
      "maxSellAmount": 5371.023569999999,
      "limitXRate": [
        [
          512.8166844431894,
          "LINK"
        ],
        [
          5371.023569999999,
          "USDT"
        ]
      ],
      "limitXRateCanonical": 0.0954783902471665,
      "fillOrKill": true,
      "uniswap": {
        "path": [
          "USDT",
          "WETH",
          "LINK"
        ],
        "amounts": [
          5371.023569999999,
          14.498683554459582,
          517.0381845764334
        ],
        "balancesSellToken": [
          "265907332.313335",
          "24658.18309307822839108"
        ],
        "balancesBuyToken": [
          "719971.67939324854896369",
          "882499.524959672746140992"
        ],
        "block": 11093438,
        "index": 65
      }
    },
    {
      "sellToken": "USDT",
      "buyToken": "LINK",
      "maxSellAmount": 1000.0,
      "limitXRate": [
        [
          95.20209593186004,
          "LINK"
        ],
        [
          1000.0,
          "USDT"
        ]
      ],
      "limitXRateCanonical": 0.09520209593186005,
      "fillOrKill": true,
      "uniswap": {
        "path": [
          "USDT",
          "WETH",
          "LINK"
        ],
        "amounts": [
          1000.0,
          2.69910790675085,
          95.6780644536754
        ],
        "balancesSellToken": [
          "265924263.909383",
          "24738.189656661718729498"
        ],
        "balancesBuyToken": [
          "719912.854222783893458789",
          "879654.502307997581156843"
        ],
        "block": 11093529,
        "index": 158
      }
    },
    {
      "sellToken": "USDT",
      "buyToken": "LINK",
      "maxSellAmount": 970.0,
      "limitXRate": [
        [
          92.28842675338375,
          "LINK"
        ],
        [
          970.0,
          "USDT"
        ]
      ],
      "limitXRateCanonical": 0.09514270799317913,
      "fillOrKill": true,
      "uniswap": {
        "path": [
          "USDT",
          "WETH",
          "LINK"
        ],
        "amounts": [
          970.0,
          2.617095370863095,
          92.76589884639041
        ],
        "balancesSellToken": [
          "265976016.540729",
          "24738.907530449886233225"
        ],
        "balancesBuyToken": [
          "719774.925411399179112419",
          "879629.872815143010217392"
        ],
        "block": 11093566,
        "index": 128
      }
    },
    {
      "sellToken": "USDT",
      "buyToken": "LINK",
      "maxSellAmount": 14990.263082,
      "limitXRate": [
        [
          1427.3018088033812,
          "LINK"
        ],
        [
          14990.263082,
          "USDT"
        ]
      ],
      "limitXRateCanonical": 0.0952152607993422,
      "fillOrKill": true,
      "uniswap": {
        "path": [
          "USDT",
          "WETH",
          "LINK"
        ],