{
  "orders": [
    {
      "sellToken": "UNI",
      "buyToken": "SNX",
      "maxSellAmount": 2452.7079792507557,
      "limitXRate": [
        [
          2003.6579147396405,
          "SNX"
        ],
        [
          2452.7079792507557,
          "UNI"
        ]
      ],
      "limitXRateCanonical": 0.8169166210123843,
      "fillOrKill": true,
      "uniswap": {
        "path": [
          "UNI",
          "WETH",
          "SNX"
        ],
        "amounts": [
          2452.7079792507557,
          19.573687789108796,
          2024.8061517428544
        ],
        "balancesSellToken": [
          "7702622.922768461992107565",
          "417057.030516919624713316"
        ],
        "balancesBuyToken": [
          "61674.856231482321834107",
          "4000.057013667888597978"
        ],
        "block": 11093234,
        "index": 164
      }
    }
  ]
}