{
  "orders": [
    {
      "sellToken": "LINK",
      "buyToken": "UNI",
      "maxSellAmount": 55.390089493184554,
      "limitXRate": [
        [
          193.42194036056443,
          "UNI"
        ],
        [
          55.390089493184554,
          "LINK"
        ]
      ],
      "limitXRateCanonical": 0.2863692163873964,
      "fillOrKill": true,
      "uniswap": {
        "path": [
          "LINK",
          "WETH",
          "UNI"
        ],
        "amounts": [
          55.390089493184554,
          1.558770538706133,
          194.34284461154652
        ],
        "balancesSellToken": [
          "877788.313301271213736792",
          "61624.998829934583575225"
        ],
        "balancesBuyToken": [
          "24778.332697559446109268",
          "7706533.741722662757911205"
        ],
        "block": 11093042,
        "index": 138
      }
    },
    {
      "sellToken": "UNI",
      "buyToken": "LINK",
      "maxSellAmount": 68.34224027035202,
      "limitXRate": [
        [
          19.348265374132435,
          "LINK"
        ],
        [
          68.34224027035202,
          "UNI"
        ]
      ],
      "limitXRateCanonical": 0.28310844504940863,
      "fillOrKill": true,
      "uniswap": {
        "path": [
          "UNI",
          "WETH",
          "LINK"
        ],
        "amounts": [
          68.34224027035202,
          0.5458341337210254,
          19.428380068259898
        ],
        "balancesSellToken": [
          "7698475.39512971438493498",
          "24683.145303150514526752"
        ],
        "balancesBuyToken": [
          "61707.98365316262625453",
          "881233.130615989070020738"
        ],
        "block": 11093222,
        "index": 61
      }
    },
    {
      "sellToken": "UNI",
      "buyToken": "LINK",
      "maxSellAmount": 194.34284461154652,
      "limitXRate": [
        [
          54.07127035374208,
          "LINK"
        ],
        [
          194.34284461154652,
          "UNI"
        ]
      ],
      "limitXRateCanonical": 0.27822619588500935,
      "fillOrKill": true,
      "uniswap": {
        "path": [
          "UNI",
          "WETH",
          "LINK"
        ],
        "amounts": [
          194.34284461154652,
          1.532570354082413,
          54.33587934483379
        ],
        "balancesSellToken": [
          "7721727.230809043204170972",
          "24736.657086307636316614"
        ],
        "balancesBuyToken": [
          "61077.613647467041824903",
          "879708.838187342414945475"
        ],
        "block": 11093501,
        "index": 206
      }
    },
    {
      "sellToken": "UNI",
      "buyToken": "LINK",
      "maxSellAmount": 32.86444391946366,
      "limitXRate": [
        [
          9.182696617818625,
          "LINK"
        ],
        [
          32.86444391946366,
          "UNI"
        ]
      ],
      "limitXRateCanonical": 0.2794112883918373,
      "fillOrKill": true,
      "uniswap": {
        "path": [
          "UNI",
          "USDT",
          "WETH",
          "LINK"
        ],
        "amounts": [
          32.86444391946366,
          95.909071,
          0.2589945132083407,
          9.229809503153914
        ],
        "balancesSellToken": [
          "34949.53272338974641398",
          "265612382.441528",
          "24668.194549886820239651"
        ],
        "balancesBuyToken": [
          "102396.846815",
          "719417.484512747620298194",
          "881757.021194170816809755"
        ],
        "block": 11093688,
        "index": 81
      }
    },
    {
      "sellToken": "UNI",
      "buyToken": "LINK",
      "maxSellAmount": 73.0,
      "limitXRate": [
        [
          20.243415481604696,
          "LINK"
        ],
        [
          73.0,
          "UNI"
        ]
      ],
      "limitXRateCanonical": 0.27730706139184513,
      "fillOrKill": true,
      "uniswap": {
        "path": [
          "UNI",
          "LINK"
        ],
        "amounts": [
          73.0,
          20.34463255901272
        ],
        "balancesSellToken": [
          "14802.578664026365853739"
        ],
        "balancesBuyToken": [
          "4158.141912693907087037"
        ],
        "block": 11093862,
        "index": 29
      }
    },
    {
      "sellToken": "UNI",
      "buyToken": "LINK",
      "maxSellAmount": 113.58207735634123,
      "limitXRate": [
        [
          31.62096011813291,
          "LINK"
        ],
        [
          113.58207735634123,
          "UNI"
        ]
      ],
      "limitXRateCanonical": 0.2783974448620835,
      "fillOrKill": true,
      "uniswap": {
        "path": [
          "UNI",
          "WETH",
          "LINK"
        ],
        "amounts": [
          113.58207735634123,
          0.8803064940919503,
          31.676039999322374
        ],
        "balancesSellToken": [
          "7792269.051380474319532982",
          "24546.072956892727554007"
        ],
        "balancesBuyToken": [
          "60575.804510751049177488",
          "885929.917126426697254208"
        ],
        "block": 11094142,
        "index": 113
      }
    },
    {
      "sellToken": "LINK",
      "buyToken": "UNI",
      "maxSellAmount": 51.690589125219994,
      "limitXRate": [
        [
          182.44615465425457,
          "UNI"
        ],
        [
          51.690589125219994,
          "LINK"
        ]
      ],
      "limitXRateCanonical": 0.2833196962861535,
      "fillOrKill": true,
      "uniswap": {
        "path": [
          "LINK",
          "UNI"
        ],
        "amounts": [
          51.690589125219994,
          182.99349311821734
        ],
        "balancesSellToken": [
          "4137.797280134894371518"
        ],
        "balancesBuyToken": [
          "14875.578664026365853739"
        ],
        "block": 11094275,
        "index": 26
      }
    },
    {
      "sellToken": "UNI",
      "buyToken": "LINK",
      "maxSellAmount": 43.319977352294195,
      "limitXRate": [
        [
          12.169811610027407,
          "LINK"
        ],
        [
          43.319977352294195,
          "UNI"
        ]
      ],
      "limitXRateCanonical": 0.2809283927149353,
      "fillOrKill": true,
      "uniswap": {
        "path": [
          "UNI",
          "WETH",
          "LINK"
        ],
        "amounts": [
          43.319977352294195,
          0.3347285705812044,
          12.303043347300195
        ],
        "balancesSellToken": [
          "7801053.622010742267662205",
          "24162.36407294268328878"
        ],
        "balancesBuyToken": [
          "60462.698800579107323862",
          "890779.133519168434463747"
        ],
        "block": 11094628,
        "index": 32
      }
    },
    {
      "sellToken": "UNI",
      "buyToken": "LINK",
      "maxSellAmount": 792.7873110429073,
      "limitXRate": [
        [
          223.9711424077873,
          "LINK"
        ],
        [
          792.7873110429073,
          "UNI"
        ]
      ],
      "limitXRateCanonical": 0.2825110080447107,
      "fillOrKill": true,
      "uniswap": {
        "path": [
          "UNI",
          "WETH",
          "LINK"
        ],
        "amounts": [
          792.7873110429073,
          6.131074875760643,
          225.02008376905698
        ],
        "balancesSellToken": [
          "7797518.30538002539929155",
          "24177.212318142201983854"
        ],
        "balancesBuyToken": [
          "60490.224314512542441268",
          "890236.745154046631593549"
        ],
        "block": 11094633,
        "index": 232
      }
    },
    {
      "sellToken": "LINK",
      "buyToken": "UNI",
      "maxSellAmount": 5.0,
      "limitXRate": [
        [
          17.511444790254316,
          "UNI"
        ],
        [
          5.0,
          "LINK"
        ]
      ],
      "limitXRateCanonical": 0.28552755411607506,
      "fillOrKill": true,
      "uniswap": {
        "path": [
          "LINK",
          "USDT",
          "UNI"
        ],