{
  "orders": [
    {
      "sellToken": "USDC",
      "buyToken": "USDC",
      "maxSellAmount": 2000.0,
      "limitXRate": [
        [
          2004.4932079999999,
          "USDC"
        ],
        [
          2000.0,
          "USDC"
        ]
      ],
      "limitXRateCanonical": 1.002246604,
      "fillOrKill": true,
      "uniswap": {
        "path": [
          "USDC",
          "TOMOE",
          "LUA",
          "USDC"
        ],
        "amounts": [
          2000.0,
          3096.0838509695454,
          32159.420669908377,
          2014.279292
        ],
        "balancesSellToken": [
          "3689089.198743995846604938",
          "458334.585676192576207948",
          "409861.788378"
        ],
        "balancesBuyToken": [
          "2373924.811111",
          "4807264.954419684876147051",
          "6669875.742729277429335493"
        ],
        "block": 11093040,
        "index": 52
      }
    }
  ]
}