{
  "orders": [
    {
      "sellToken": "USDC",
      "buyToken": "LINK",
      "maxSellAmount": 628.993287,
      "limitXRate": [
        [
          59.74850719209519,
          "LINK"
        ],
        [
          628.993287,
          "USDC"
        ]
      ],
      "limitXRateCanonical": 0.09499069135867454,
      "fillOrKill": true,
      "uniswap": {
        "path": [
          "USDC",
          "WETH",
          "LINK"
        ],
        "amounts": [
          628.993287,
          1.6932958476958169,
          60.04809011165491
        ],
        "balancesSellToken": [
          "292053746.712523",
          "24727.107372505103876767"
        ],
        "balancesBuyToken": [
          "788597.487952248998124725",
          "879577.601976063961319671"
        ],
        "block": 11093130,
        "index": 56
      }
    },
    {
      "sellToken": "LINK",
      "buyToken": "USDC",
      "maxSellAmount": 949.2676962790321,
      "limitXRate": [
        [
          9712.526724,
          "USDC"
        ],
        [
          949.2676962790321,
          "LINK"
        ]
      ],
      "limitXRateCanonical": 0.09773643082323344,
      "fillOrKill": true,
      "uniswap": {
        "path": [
          "LINK",
          "WETH",
          "USDC"
        ],
        "amounts": [
          949.2676962790321,
          26.481741515707764,
          9756.596128
        ],
        "balancesSellToken": [
          "881233.130615989070020738",
          "789176.846347798025524859"
        ],
        "balancesBuyToken": [
          "24683.145303150514526752",
          "291652276.769146"
        ],
        "block": 11093222,
        "index": 68
      }
    },
    {
      "sellToken": "LINK",
      "buyToken": "USDC",
      "maxBuyAmount": 26617.379999999997,
      "limitXRate": [
        [
          2607.880902351312,
          "LINK"
        ],
        [
          26617.379999999997,
          "USDC"
        ]
      ],
      "limitXRateCanonical": 0.09797661912447102,
      "fillOrKill": true,
      "uniswap": {
        "path": [
          "LINK",
          "WETH",
          "USDC"
        ],
        "amounts": [
          2600.6118231569453,
          72.2588766762721,
          26617.379999999997
        ],
        "balancesSellToken": [
          "882162.969932199842107692",
          "789214.651476417574664722"
        ],
        "balancesBuyToken": [
          "24657.209395768527792562",
          "291638379.097065"
        ],
        "block": 11093229,
        "index": 9
      }
    },
    {
      "sellToken": "LINK",
      "buyToken": "USDC",
      "maxSellAmount": 36.83435743614145,
      "limitXRate": [
        [
          379.825533,
          "USDC"
        ],
        [
          36.83435743614145,
          "LINK"
        ]
      ],
      "limitXRateCanonical": 0.0969770440265306,
      "fillOrKill": true,
      "uniswap": {
        "path": [
          "LINK",
          "WETH",
          "USDC"
        ],
        "amounts": [
          36.83435743614145,
          1.0329529268157134,
          381.75262599999996
        ],
        "balancesSellToken": [
          "879558.824243543905755477",
          "787366.458816012534135294"
        ],
        "balancesBuyToken": [
          "24740.888764568469579721",
          "291885574.185908"
        ],
        "block": 11093542,
        "index": 107
      }
    },
    {
      "sellToken": "USDC",
      "buyToken": "LINK",
      "maxBuyAmount": 1485.39,
      "limitXRate": [
        [
          15507.039346,
          "USDC"
        ],
        [
          1485.39,
          "LINK"
        ]
      ],
      "limitXRateCanonical": 0.095788110603018,
      "fillOrKill": true,
      "uniswap": {
        "path": [
          "USDC",
          "WETH",
          "LINK"
        ],
        "amounts": [
          15491.709948,
          41.74174775855424,
          1485.39
        ],
        "balancesSellToken": [
          "291340590.651884",
          "24661.099136507071768565"
        ],
        "balancesBuyToken": [
          "787408.563341956077903406",
          "881697.090363187701799902"
        ],
        "block": 11093777,
        "index": 69
      }
    },
    {
      "sellToken": "LINK",
      "buyToken": "USDC",
      "maxSellAmount": 101.65145369000001,
      "limitXRate": [
        [
          1046.748136,
          "USDC"
        ],
        [
          101.65145369000001,
          "LINK"
        ]
      ],
      "limitXRateCanonical": 0.097111664395646,
      "fillOrKill": true,
      "uniswap": {
        "path": [
          "LINK",
          "WETH",
          "USDC"
        ],
        "amounts": [
          101.65145369000001,
          2.839978305869488,
          1052.8241759999999
        ],
        "balancesSellToken": [
          "880825.883539954843181005",
          "785467.862389677329896324"
        ],
        "balancesBuyToken": [
          "24685.74878192272040419",
          "292063307.374927"
        ],
        "block": 11093862,
        "index": 111
      }
    },
    {
      "sellToken": "LINK",
      "buyToken": "USDC",
      "maxSellAmount": 250.00000000000003,
      "limitXRate": [
        [
          2568.0733379999997,
          "USDC"
        ],
        [
          250.00000000000003,
          "LINK"
        ]
      ],
      "limitXRateCanonical": 0.09734924478235445,
      "fillOrKill": true,
      "uniswap": {
        "path": [
          "LINK",
          "WETH",
          "USDC"
        ],
        "amounts": [
          250.00000000000003,
          6.9818169566801185,
          2588.247383
        ],
        "balancesSellToken": [
          "880927.534993644843181005",
          "785471.660121774756587758"
        ],
        "balancesBuyToken": [
          "24682.908803616850916554",
          "292061900.074229"
        ],
        "block": 11093867,
        "index": 81
      }
    },
    {
      "sellToken": "USDC",
      "buyToken": "LINK",
      "maxSellAmount": 800.0,
      "limitXRate": [
        [
          77.04826895522235,
          "LINK"
        ],
        [
          800.0,
          "USDC"
        ]
      ],
      "limitXRateCanonical": 0.09631033619402794,
      "fillOrKill": true,
      "uniswap": {
        "path": [
          "USDC",
          "WETH",
          "LINK"
        ],
        "amounts": [
          800.0,
          2.145156508216483,
          77.4342038282245
        ],
        "balancesSellToken": [
          "291991681.600117",
          "24506.360452343405383552"
        ],
        "balancesBuyToken": [
          "785310.878415452509039976",
          "887350.938332912971652935"
        ],
        "block": 11094044,
        "index": 116
      }
    },
    {
      "sellToken": "USDC",
      "buyToken": "LINK",
      "maxSellAmount": 300.0,
      "limitXRate": [
        [
          29.246818088228114,
          "LINK"
        ],
        [
          300.0,
          "USDC"
        ]
      ],
      "limitXRateCanonical": 0.09748939362742705,
      "fillOrKill": true,
      "uniswap": {
        "path": [
          "USDC",
          "WETH",
          "LINK"
        ],
        "amounts": [
          300.0,
          0.8054558759924021,
          29.536681894640253
        ],
        "balancesSellToken": [
          "291829708.346957",
          "24333.487769450941935161"
        ],
        "balancesBuyToken": [
          "785878.282477626122058325",
          "895042.148324442580783212"
        ],
        "block": 11094315,
        "index": 41
      }
    },
    {
      "sellToken": "LINK",
      "buyToken": "USDC",
      "maxSellAmount": 458.9797695836311,
      "limitXRate": [
        [
          4384.318157,
          "USDC"
        ],
        [
          458.9797695836311,
          "LINK"
        ]
      ],
      "limitXRateCanonical": 0.10468669315223492,
      "fillOrKill": true,
      "uniswap": {
        "path": [
          "LINK",
          "WETH",
          "USDC"
        ],