{
  "orders": [
    {
      "sellToken": "USDT",
      "buyToken": "SNX",
      "maxSellAmount": 145.362537,
      "limitXRate": [
        [
          38.94441266516568,
          "SNX"
        ],
        [
          145.362537,
          "USDT"
        ]
      ],
      "limitXRateCanonical": 0.26791230717970804,
      "fillOrKill": true,
      "uniswap": {
        "path": [
          "USDT",
          "WETH",
          "SNX"
        ],
        "amounts": [
          145.362537,
          0.39231314901700987,
          40.50095455338369
        ],
        "balancesSellToken": [
          "262020900.94723",
          "427574.144080740067503299"
        ],
        "balancesBuyToken": [
          "709296.811961756005009883",
          "4128.887589935612216253"
        ],
        "block": 11093060,
        "index": 172
      }
    },
    {
      "sellToken": "SNX",
      "buyToken": "USDT",
      "maxSellAmount": 18.878075900000002,
      "limitXRate": [
        [
          66.598736,
          "USDT"
        ],
        [
          18.878075900000002,
          "SNX"
        ]
      ],
      "limitXRateCanonical": 0.2834599728739597,
      "fillOrKill": true,
      "uniswap": {
        "path": [
          "SNX",
          "WETH",
          "USDT"
        ],
        "amounts": [
          18.878075900000002,
          0.18179113283025436,
          66.95374
        ],
        "balancesSellToken": [
          "4014.14586553428885622",
          "720008.784589876152584893"
        ],
        "balancesBuyToken": [
          "415579.074319303860793717",
          "265986195.224594"
        ],
        "block": 11093195,
        "index": 85
      }
    },
    {
      "sellToken": "USDT",
      "buyToken": "SNX",
      "maxSellAmount": 5000.0,
      "limitXRate": [
        [
          1384.6546067345218,
          "SNX"
        ],
        [
          5000.0,
          "USDT"
        ]
      ],
      "limitXRateCanonical": 0.2769309213469044,
      "fillOrKill": true,
      "uniswap": {
        "path": [
          "USDT",
          "WETH",
          "SNX"
        ],
        "amounts": [
          5000.0,
          13.493883682962183,
          1397.1668930257313
        ],
        "balancesSellToken": [
          "265986068.438566",
          "415868.847041700356547532"
        ],
        "balancesBuyToken": [
          "720010.498657690568990493",
          "4011.370524938421847125"
        ],
        "block": 11093226,
        "index": 82
      }
    },
    {
      "sellToken": "USDT",
      "buyToken": "SNX",
      "maxSellAmount": 5000.0,
      "limitXRate": [
        [
          1412.891684143982,
          "SNX"
        ],
        [
          5000.0,
          "USDT"
        ]
      ],
      "limitXRateCanonical": 0.2825783368287964,
      "fillOrKill": true,
      "uniswap": {
        "path": [
          "USDT",
          "WETH",
          "SNX"
        ],
        "amounts": [
          5000.0,
          13.410270991781989,
          1419.8435015143282
        ],
        "balancesSellToken": [
          "266571382.284977",
          "421662.173812092968893174"
        ],
        "balancesBuyToken": [
          "717123.635967171121913249",
          "3957.236720170366706999"
        ],
        "block": 11093901,
        "index": 107
      }
    },
    {
      "sellToken": "USDT",
      "buyToken": "SNX",
      "maxSellAmount": 2000.0,
      "limitXRate": [
        [
          572.9670101039366,
          "SNX"
        ],
        [
          2000.0,
          "USDT"
        ]
      ],
      "limitXRateCanonical": 0.2864835050519683,
      "fillOrKill": true,
      "uniswap": {
        "path": [
          "USDT",
          "WETH",
          "SNX"
        ],
        "amounts": [
          2000.0,
          5.384965754969933,
          578.3468076059586
        ],
        "balancesSellToken": [
          "266055352.711011",
          "424143.586160627366497141"
        ],
        "balancesBuyToken": [
          "718510.381593258018448197",
          "3931.968891465355810618"
        ],
        "block": 11094303,
        "index": 55
      }
    },
    {
      "sellToken": "USDT",
      "buyToken": "SNX",
      "maxSellAmount": 2000.0,
      "limitXRate": [
        [
          586.7604640950173,
          "SNX"
        ],
        [
          2000.0,
          "USDT"
        ]
      ],
      "limitXRateCanonical": 0.2933802320475086,
      "fillOrKill": true,
      "uniswap": {
        "path": [
          "USDT",
          "WETH",
          "SNX"
        ],
        "amounts": [
          2000.0,
          5.392580937771453,
          590.9006280759913
        ],
        "balancesSellToken": [
          "265859623.976521",
          "428450.210099084776930568"
        ],
        "balancesBuyToken": [
          "718998.290620451207205552",
          "3892.945867941580065624"
        ],
        "block": 11094579,
        "index": 31
      }
    },
    {
      "sellToken": "USDT",
      "buyToken": "SNX",
      "maxSellAmount": 1754.5,
      "limitXRate": [
        [
          495.10225943523255,
          "SNX"
        ],
        [
          1754.5,
          "USDT"
        ]
      ],
      "limitXRateCanonical": 0.28218994553162297,
      "fillOrKill": true,
      "uniswap": {
        "path": [
          "USDT",
          "WETH",
          "SNX"
        ],
        "amounts": [
          1754.5,
          4.730884857540634,
          517.0515393716855
        ],
        "balancesSellToken": [
          "265836533.719925",
          "427859.309471008785670345"
        ],
        "balancesBuyToken": [
          "718970.995284601727967754",
          "3898.338448879351518548"
        ],
        "block": 11094617,
        "index": 115
      }
    }
  ]
}