{
  "orders": [
    {
      "sellToken": "LINK",
      "buyToken": "WBTC",
      "maxSellAmount": 100.02498077388445,
      "limitXRate": [
        [
          0.08705719,
          "WBTC"
        ],
        [
          100.02498077388445,
          "LINK"
        ]
      ],
      "limitXRateCanonical": 1148.9571484432756,
      "fillOrKill": true,
      "uniswap": {
        "path": [
          "LINK",
          "WETH",
          "WBTC"
        ],
        "amounts": [
          100.02498077388445,
          2.8052047944528247,
          0.08718711
        ],
        "balancesSellToken": [
          "879261.95756222945567936",
          "30827.20912785"
        ],
        "balancesBuyToken": [
          "24735.943214466005564135",
          "988872.764025194366566621"
        ],
        "block": 11093067,
        "index": 52
      }
    },
    {
      "sellToken": "WBTC",
      "buyToken": "LINK",
      "maxBuyAmount": 13.000000000000002,
      "limitXRate": [
        [
          0.01149023,
          "WBTC"
        ],
        [
          13.000000000000002,
          "LINK"
        ]
      ],
      "limitXRateCanonical": 1131.3959772780877,
      "fillOrKill": true,
      "uniswap": {
        "path": [
          "WBTC",
          "WETH",
          "LINK"
        ],
        "amounts": [
          0.01142936,
          0.3665561162857678,
          13.000000000000002
        ],
        "balancesSellToken": [
          "990384.803099226266456492",
          "24726.728316388818109"
        ],
        "balancesBuyToken": [
          "30787.91426045",
          "879591.04528474705354266"
        ],
        "block": 11093125,
        "index": 65
      }
    },
    {
      "sellToken": "LINK",
      "buyToken": "WBTC",
      "maxSellAmount": 103.67491976645717,
      "limitXRate": [
        [
          0.08952672,
          "WBTC"
        ],
        [
          103.67491976645717,
          "LINK"
        ]
      ],
      "limitXRateCanonical": 1158.0332638843147,
      "fillOrKill": true,
      "uniswap": {
        "path": [
          "LINK",
          "WETH",
          "WBTC"
        ],
        "amounts": [
          103.67491976645717,
          2.904370717419534,
          0.08997436
        ],
        "balancesSellToken": [
          "879756.360075716841180969",
          "30780.92517356"
        ],
        "balancesBuyToken": [
          "24722.741123101491951121",
          "990623.982276063345704204"
        ],
        "block": 11093143,
        "index": 77
      }
    },
    {
      "sellToken": "LINK",
      "buyToken": "WBTC",
      "maxSellAmount": 63.70705787799861,
      "limitXRate": [
        [
          0.05387582,
          "WBTC"
        ],
        [
          63.70705787799861,
          "LINK"
        ]
      ],
      "limitXRateCanonical": 1182.479596189879,
      "fillOrKill": true,
      "uniswap": {
        "path": [
          "LINK",
          "WETH",
          "WBTC"
        ],
        "amounts": [
          63.70705787799861,
          1.7645272953427225,
          0.05440331
        ],
        "balancesSellToken": [
          "885038.280150715819871247",
          "30691.48571609"
        ],
        "balancesBuyToken": [
          "24588.888385956848174981",
          "992465.281137333557492223"
        ],
        "block": 11093275,
        "index": 169
      }
    },
    {
      "sellToken": "LINK",
      "buyToken": "WBTC",
      "maxSellAmount": 97.43392647301907,
      "limitXRate": [
        [
          0.08275147000000001,
          "WBTC"
        ],
        [
          97.43392647301907,
          "LINK"
        ]
      ],
      "limitXRateCanonical": 1177.428346264049,
      "fillOrKill": true,
      "uniswap": {
        "path": [
          "LINK",
          "WETH",
          "WBTC"
        ],
        "amounts": [
          97.43392647301907,
          2.6977593453018898,
          0.08317324
        ],
        "balancesSellToken": [
          "885172.445675640630724178",
          "30690.91655097"
        ],
        "balancesBuyToken": [
          "24585.179728915620754274",
          "992483.741855674212300236"
        ],
        "block": 11093283,
        "index": 155
      }
    },
    {
      "sellToken": "LINK",
      "buyToken": "WBTC",
      "maxSellAmount": 62.52141224610222,
      "limitXRate": [
        [
          0.05352486,
          "WBTC"
        ],
        [
          62.52141224610222,
          "LINK"
        ]
      ],
      "limitXRateCanonical": 1168.0817520326484,
      "fillOrKill": true,
      "uniswap": {
        "path": [
          "LINK",
          "WETH",
          "WBTC"
        ],
        "amounts": [
          62.52141224610222,
          1.7480496323381334,
          0.05389443
        ],
        "balancesSellToken": [
          "880863.696775096312724844",
          "30691.30335983"
        ],
        "balancesBuyToken": [
          "24704.112983951892290698",
          "992470.703828414837437842"
        ],
        "block": 11093471,
        "index": 139
      }
    },
    {
      "sellToken": "LINK",
      "buyToken": "WBTC",
      "maxSellAmount": 1033.8096486280856,
      "limitXRate": [
        [
          1e-08,
          "WBTC"
        ],
        [
          1033.8096486280856,
          "LINK"
        ]
      ],
      "limitXRateCanonical": 103380964862.80856,
      "fillOrKill": true,
      "uniswap": {
        "path": [
          "LINK",
          "WETH",
          "WBTC"
        ],
        "amounts": [
          1033.8096486280856,
          28.95807231845674,
          0.89062542
        ],
        "balancesSellToken": [
          "879567.28672475506329619",
          "30651.70576791"
        ],
        "balancesBuyToken": [
          "24740.678238649896106919",
          "993596.528830396843891755"
        ],
        "block": 11093576,
        "index": 137
      }
    },
    {
      "sellToken": "LINK",
      "buyToken": "WBTC",
      "maxSellAmount": 17.18418186799505,
      "limitXRate": [
        [
          0.01467039,
          "WBTC"
        ],
        [
          17.18418186799505,
          "LINK"
        ]
      ],
      "limitXRateCanonical": 1171.3514002010206,
      "fillOrKill": true,
      "uniswap": {
        "path": [
          "LINK",
          "WETH",
          "WBTC"
        ],
        "amounts": [
          17.18418186799505,
          0.48099646134099333,
          0.0148171
        ],
        "balancesSellToken": [
          "880193.999527319544620315",
          "30675.55646176"
        ],
        "balancesBuyToken": [
          "24711.819291331439370312",
          "992809.634267495356301832"
        ],
        "block": 11093615,
        "index": 200
      }
    },
    {
      "sellToken": "LINK",
      "buyToken": "WBTC",
      "maxSellAmount": 1108.338992903903,
      "limitXRate": [
        [
          0.94770064,
          "WBTC"
        ],
        [
          1108.338992903903,
          "LINK"
        ]
      ],
      "limitXRateCanonical": 1169.5032651913193,
      "fillOrKill": true,
      "uniswap": {
        "path": [
          "LINK",
          "WETH",
          "WBTC"
        ],
        "amounts": [
          1108.338992903903,
          30.98053203794347,
          0.95242728
        ],
        "balancesSellToken": [
          "880255.272714101430002525",
          "30657.75194901"
        ],
        "balancesBuyToken": [
          "24710.104300635505356611",
          "994210.208346006337046691"
        ],
        "block": 11093642,
        "index": 93
      }
    },
    {
      "sellToken": "WBTC",
      "buyToken": "LINK",
      "maxSellAmount": 0.08248395,
      "limitXRate": [
        [
          94.17375876262835,
          "LINK"
        ],
        [
          0.08248395,
          "WBTC"
        ]
      ],
      "limitXRateCanonical": 1141.7222230825312,
      "fillOrKill": true,
      "uniswap": {
        "path": [
          "WBTC",
          "WETH",
          "LINK"
        ],